sensor,sequence,length
AK1,ANDTVVVGSINFTEGIIVANMVAEMIEAHTDLKVVRKLNLGGENVNFEAIKRGGANNGIDIYVEYTGHGLVDILGFPEPNVYITADKQKNGIKANFKIRHNMEDGSVQLADHYQQNTPIGDGPVLLPDNHYLSTQSVLSKDPNEKRDHMVLLEFVTAAGITLGMDELYKGGTGGSMSKGEELFTGVVPILVELDGGVNGHKFSVRGEGEGDATNGKLTLKFICTTGKLPVPWPTLVTTLTYGVQCFSRYPDHMKQHDFFKSAMPEGYVQERTISFKDDGTYKTRAEVKFEGDTLVNRIELKGIDFKEDGNILGHKLEYNFPPPPSTDPEGAYETVKKEYKRKWNIVWLKPLGFNNTGTLTVKDELAKQYNLKTFSDLAKISDKLILGATMFFLEGPDGYPGLQKLYNFKFKHTKSMDMGIRYTAIDNNEVQVIDAWATDGLLVSHKLKILEDDKAFFPPYYAAPIIRQDVLDKHPELKDVLNKLANQISLEEMQKLNYKVDGEGQDPAKVAKEFLKEKGLIL,522
cc93,ANDTVVVGSINFTEGIIVANMVAEMIEAHTDLKVVRKLNLGGENVNFEAIKRGGANNGIDIYVEYTGHGLVDILGFPEPNVYITADKQKNGIKANFKIRHNMEDGSVQLADHYQQNTPIGDGPVLLPDNHYLSTQSVLSKDPNEKRDHMVLLEFVTAAGITLGMDELYKGGTGGSMSKGEELFTGVVPILVELDGGVNGHKFSVRGEGEGDATNGKLTLKFICTTGKLPVPWPTLVTTLTYGVQCFSRYPDHMKQHDFFKSAMPEGYVQERTISFKDDGTYKTRAEVKFEGDTLVNRIELKGIDFKEDGNILGHKLEYNFPPPSSTDPEGAYETVKKEYKRKWNIVWLKPLGFNNTYTLTVKDELAKQYNLKTFSDLAKISDKLILGATMFFLEGPDGYPGLQKLYNFKFKHTKSMDMGIRYTAIDNNEVQVIDAWATDGLLVSHKLKILEDDKAFFPPYYAAPIIRQDVLDKHPELKDVLNKLANQISLEEMQKLNYKVDGEGQDPAKVAKEFLKEKGLIL,522
Fent2 436L,ANDTVVVGSANFTEGIVANMVAEMIEAHTDLKVVRKLNLGGGNVNFEAIKRGGANNGIDIYVEYTGHGLVDILGFPEPNVYITADKQKNGIKANFKIRHNVEDGSVQLADHYQQNTPIGDGPVLLPDNHYLSTQSVLSKDPNEKRDHMVLLEFVTAAGITLGMDELYKGGTGGSMSKGEELFTGVVPILVELDGDVNGHKFSVRGEGEGDATNGKLTLKFICTTGKLPVPWPTLVTTLTYGVQCFSRYPDHMKQHDFFKSAMPEGYVQERTISFKDDGTYKTRAEVKFEGDTLVNRIELKGIDFKEDGNILGHKLEYNFPPPISTDPEGAYETVKKEYKRKWNIVWLKPLGFNNTGTLTVKDELAKQYNLKTFSDLAKISDKLILGATMFFLEAPDGYPGLQKLYNFKFKHTKSMDMGIRYTAIDNNEVQVIDALATDGLLVSHKLKILEDDKAFFPPYYAAPIIRQDVLDKHPELKDVLNKLANQISGEEMQKLNYKVDGEGQDPAKVAKEFLKEKGLI,520
iCytBrEtSnFR,ANDTVVVGSANFTEGIIVANMVAEMIEAHTDLKVVRKLNLGGGNVNFEAIKRGGANNGIDIYVEYTGHGLVDILGFPEPNVYITADKQKNGIKANFKIRHNVEDGSVQLADHYQQNTPIGDGPVLLPDNHYLSTQSVLSKDPNEKRDHMVLLEFVTAAGITLGMDELYKGGTGGSMSKGEELFTGVVPILVELDGGVNGHKFSVRGEGEGDATNGKLTLKFICTTGKLPVPWPTLVTTLTYGVQCFSRYPDHMKQHDFFKSAMPEGYVQERTISFKDDGTYKTRAEVKFEGDTLVNRIELKGIDFKEDGNILGHKLEYNFPPPISTDPEGAYETVKKEYKRKWNIVWLKPLGFNNTGTLTVKDELAKQYNLKTFSDLAKISDKLILGATMFFLEAPDGYPGLQKLYNFKFKHTKSMDMGIRYTAIDNNEVQVIDAWATDGLLVSHKLKILEDDKAFFPPYYAAPIIRQDVLDKHPELKDVLNKLANQISGEEMQKLNYKVDGEGQDPAKVAKEFLKEKGLI,521
iCytSnFR,ANDTVVVGSIIFTEGIIVANMVAEMIEAHTDLKVVRKLNLGGQGVNFEAIKRGGANNGIDIYVEYTGHGLVDILGFPEPNVYITADKQKNGIKANFKIRHNVEDGSVQLADHYQQNTPIGDGPVLLPDNHYLSTQSVLSKDPNEKRDHMVLLEFVTAAGITLGMDELYKGGTGGSMSKGEELFTGVVPILVELDGDVNGHKFSVRGEGEGDATNGKLTLKFICTTGKLPVPWPTLVTTLTYGVQCFSRYPDHMKQHDFFKSAMPEGYVQERTISFKDDGTYKTRAEVKFEGDTLVNRIELKGIDFKEDGNILGHKLEYNFPPPATTDPEGAYETVKKEYKRKWNIVWLKPLGFNNTYTLTVKDELAKQYNLKTFSDLAKISDKLILGATMWFLEGPDGYPGLQKLYNFKFKHTKSMDMGIRYTAIDNNEVQVIDAWATDGLLVSHKLKILEDDKAFFPPYYAAPIIRQDVLDKHPELKDVLNKLANQISLEEMQKLNYKVDGEGQDPAKVAKEFLKEKGLIL,522
iEscSnFR,ANDTVVVGSIEFTEGIIVANMVAEMIEAHTDLKVVRKLNLGGENVNFEAIKRGGANNGIDIYVEYTGHGLVDILGFPEPNVYITADKQKNGIKANFKIRHNMEDGSVQLADHYQQNTPIGDGPVLLPDNHYLSTQSVLSKDPNEKRDHMVLLEFVTAAGITLGMDELYKGGTGGSMSKGEELFTGVVPILVELDGGVNGHKFSVRGEGEGDATNGKLTLKFICTTGKLPVPWPTLVTTLTYGVQCFSRYPDHMKQHDFFKSAMPEGYVQERTISFKDDGTYKTRAEVKFEGDTLVNRIELKGIDFKEDGNILGHKLEYNFPPPSSTDPEGAYETVKKEYKRKWNIVWLKPLGFNNTYTLSVKDELAKQYNLKTFSDLAKISDKLILGATMFFLEGPDGYPGLQKLYNFKFKHTKSMDMGIRYTAIDNNEVQVIDAWATDGLLVSHKLKILEDDKAFFPPYYAAPIIRQDVLDKHPELKDVLNKLANQISLEEMQKLNYKVDGEGQDPAKVAKEFLKEKGLIL,522
iFloxSnFR,ANDTVVVGSIIFTEGIIVANMVAEMIEAHTDLKVVRKLNLGGVNVNFEAIKRGGANNGIDIYVEYTGHGLVDILGFPEPNVYITADKQKNGIKANFKIRHNMEDGSVQLADHYQQNTPIGDGPVLLPDNHYLSTQSVLSKDPNEKRDHMVLLEFVTAAGITLGMDELYKGGTGGSMSKGEELFTGVVPILVELDGGVNGHKFSVRGEGEGDATNGKLTLKFICTTGKLPVPWPTLVTTLTYGVQCFSRYPDHMKQHDFFKSAMPEGYVQERTISFKDDGTYKTRAEVKFEGDTLVNRIELKGIDFKEDGNILGHKLEYNFPPPATTDPEGAYETVKKEYKRKWNIVWLKPLGFNNTYTLTVKDELAKQYNLKTFSDLAKISDKLILGATMHFLESPDGYPGLQKLYNFKFKHTKSMDMGIRYTAIDNNEVQVIDASATDGLLVSHKLKILEDDKAFFPPYYAAPIIRQDVLDKHPELKDVLNKLANQISLEEMQKLNYKVDGEGQDPAKVAKEFLKEKGLIL,522
iLevaphenolSnFR1.0,ANDTVVVGSIIFTETIIVANMVAEMIEAHTDLKVVRKLNLGGVNVNFEAIKRGGANNGIDIYVEYTGHGLVDILGFPEPNVYITADKQKNGIKANFKIRHNVEDGSVQLADHYQQNTPIGDGPVLLPDNHYLSTQSVLSKDPNEKRDHMVLLEFVTAAGITLGMDELYKGGTGGSMSKGEELFTGVVPILVELDGDVNGHKFSVRGEGEGDATNGKLTLKFICTTGKLPVPWPTLVTTLTYGVQCFSRYPDHMKQHDFFKSAMPEGYVQERTISFKDDGTYKTRAEVKFEGDTLVNRIELKGIDFKEDGNILGHKLEYNFPPPATTDPEGAYETVKKEYKRKWNIVWLKPLGFNNTYTLTVKDELAKQYNLKTFSDLAKISDKLILGATMFFLEGPDGYPGLQKLYNFKFKHTKSMDMGIRYTAIDNNEVQVIDAWATDGLLVSHKLKILEDDKWFFPPYYAAPIIRQDVLDKHPELKDVLNKLANQISLEEMQKLNYKVDGEGQDPAKVAKEFLKEKGLI,521
L194,ANDTVVVGSINHTEQIIVANMLAEMIEAHTDLKVVRKLNLGGVNVNFEAIKRGGANNGIDIYLEYVGYGLVDILGYPEPNVYIIADKQKNGIKANFKIRYNVEDGSVQLADHYQQNTPIGDGPVLLPDNHYLSTQSVLSKDPNEKRDHMVLLEFVTAAGITLGMDELYKGGTGGSMSKGEELFTGVVPILVELDGGVNGHKFSVRGEGEGDATNGKLTLKFICTTGKLPVPWPTLVTTLTYGVQCFSRYPDHMKQHDFFKSAMPEGYVQERTISFKDDGTYKTRAEVKFEGDTLVNRIELKGIDFKEDGNILGHKLEYNFPPPGATDPEGAYETVKKEYKRKWNIVWLKPLGFNASYVLAVKDELAKQYNLKTFSDLAKISDKLILGANMMFLENPDGYPGLQKLYNFKFKHTKSMDAGIPYTAIDNNEVQVIDATATDGLLVSHKLKILEDDKAFFPPYYAAPIIRQDVLDKHPELKDVLNKLANQISLEEMQKLNYKRDGEGQDPAKVAKEFLKEKGLI,521
Tap1.0,ANDTVVVGSIEFTEGIIVANMVAEMIEAHTDLKVVRKLNLGGENVNFEAIKRGGANNGIDIYVEYTGHGLVDILGFPEPNVYITADKQKNGIKANFKIRHNMEDGSVQLADHYQQNTPIGDGPVLLPDNHYLSTQSVLSKDPNEKRDHMVLLEFVTAAGITLGMDELYKGGTGGSMSKGEELFTGVVPILVELDGGVNGHKFSVRGEGEGDATNGKLTLKFICTTGKLPVPWPTLVTTLTYGVQCFSRYPDHMKQHDFFKSAMPEGYVQERTISFKDDGTYKTRAEVKFEGDTLVNRIELKGIDFKEDGNILGHKLEYNFPPPSSTDPEGAYETVKKEYKRKWNIVWLKPLGFNNTYTLTVKDELAKQYNLKTFSDLAKISDKLILGATMFFLEGPDGYPGLQKLYNFKFKHTKSMDMGIRYTAIDNNEVQVIDAAATDGLLVSHKLKILEDDKAFFPPYYAAPIIRQDVLDKHPELKDVLNKLANQISLEEMQKLNYKVDGEGQDPAKVAKEFLKEKGLI,521
V4.8.1.2,ANDTVVVGSINFTEQIIVANMVAEMIEAHTDLKVVRKLNLGGTNVNFEAIKRGGANNGIDIYVEYTGTGLVDILGYPEPNVYITADKQKNGIKANFKIRHNVEDGSVQLADHYQQNTPIGDGPVLLPDNHYLSTQSVLSKDPNEKRDHMVLLEFVTAAGITLGMDELYKGGTGGSMSKGEELFTGVVPILVELDGGVNGHKFSVRGEGEGDATNGKLTLKFICTTGKLPVPWPTLVTTLTYGVQCFSRYPDHMKQHDFFKSAMPEGYVQERTISFKDDGTYKTRAEVKFEGDTLVNRIELKGIDFKEDGNILGHKLEYNFPPPGSTDPEGAYETVKKEYKRKWNIVWLKPLGFNNTYTLAVKDELAKQYNLKTFSDLAKISDKLILGATMFFLEKPDGYPGLQKLYNFKFKHTKSMDMGIRYTAIDNNEVQVIDAFATDGLLVSHKLKILEDDKAFFPPYYAAPIIRQDVLDKHPELKDVLNKLANQISLEEMQKLNYKRDGEGQDPAKVAKEFLKEKGLIL,522
v4.6,ANDTVVVGSINFTEQIIVANMVAEMIEAHTDLKVVRKLNLGGTNVNFEAIKRGGANNGIDIYVEYTGTGLVDILGFPEPNVYITADKQKNGIKANFKIRHNVEDGSVQLADHYQQNTPIGDGPVLLPDNHYLSTQSVLSKDPNEKRDHMVLLEFVTAAGITLGMDELYKGGTGGSMSKGEELFTGVVPILVELDGDVNGHKFSVRGEGEGDATNGKLTLKFICTTGKLPVPWPTLVTTLTYGVQCFSRYPDHMKQHDFFKSAMPEGYVQERTISFKDDGTYKTRAEVKFEGDTLVNRIELKGIDFKEDGNILGHKLEYNFPPPPSTDPEGAYETVKKEYKRKWNIVWLKPLGFNNTYTLAVKDELAKQYNLKTFSDLAKISDKLILGATMFFLEKPDGYPGLQKLYNFKFKHTKSMDMGIRYTAIDNNEVQVIDAFATDGLLVSHKLKILEDDKHFFPPYYAAPIIRQDVLDKHPELKDVLNKLANQISDEEMQKLNYKVDGEGQDPAKVAKEFLKEKGLIL,522
V6,ANDTVVVGSINFTEQIIVANMVAEMIEAHTDLKVVRKLNLGGTNVNFEAIKRGGANNGIDIYVEYTGHGLVDILGFPEPNVYITADKQKNGIKANFKIRHNVEDGSVQLADHYQQNTPIGDGPVLLPDNHYLSTQSVLSKDPNEKRDHMVLLEFVTAAGITLGMDELYKGGTGGSMSKGEELFTGVVPILVELDGDVNGHKFSVRGEGEGDATNGKLTLKFICTTGKLPVPWPTLVTTLTYGVQCFSRYPDHMKQHDFFKSAMPEGYVQERTISFKDDGTYKTRAEVKFEGDTLVNRIELKGIDFKEDGNILGHKLEYNFPPPGSTDPEGAYETVKKEYKRKWNIVWLKPLGFNNTYTLAVKDELAKQYNLKTFSDLAKISDKLILGATMFFLEKPDGYPGLQKLYNFKFKHTKSMDMGIRYTAIDNNEVQVIDAWATDGLLVSHKLKILEDDKAFFPPYYAAPIIRQDVLDKHPELKDVLNKLANQISLEEMQKLNYKVDGEGQDPAKVAKEFLKEKGLIL,522
V7,ANDTVVVGSIEFTEGIIVANMVAEMIEAHTDLKVVRKLNLGGENVNFEAIKRGGANNGIDIYVEYTGHGLVDILGFPEPNVYITADKQKNGIKANFKIRHNMEDGSVQLADHYQQNTPIGDGPVLLPDNHYLSTQSVLSKDPNEKRDHMVLLEFVTAAGITLGMDELYKGGTGGSMSKGEELFTGVVPILVELDGGVNGHKFSVRGEGEGDATNGKLTLKFICTTGKLPVPWPTLVTTLTYGVQCFSRYPDHMKQHDFFKSAMPEGYVQERTISFKDDGTYKTRAEVKFEGDTLVNRIELKGIDFKEDGNILGHKLEYNFPPPSSTDPEGAYETVKKEYKRKWNIVWLKPLGFNNTYTLTVKDELAKQYNLKTFSDLAKISDKLILGATMFFLEGPDGYPGLQKLYNFKFKHTKSMDMGIRYTAIDNNEVQVIDAWATDGLLVSHKLKILEDDKAFFPPYYAAPIIRQDVLDKHPELKDVLNKLANQISLEEMQKLNYKVDGEGQDPAKVAKEFLKEKGLIL,522
V7.1,ANDTVVVGSIEFTEGIIVANMVAEMIEAHTDLKVVRKLNLGGVNVNFEAIKRGGANNGIDIYVEYTGHGLVDILGFPEPNVYITADKQKNGIKANFKIRHNMEDGSVQLADHYQQNTPIGDGPVLLPDNHYLSTQSVLSKDPNEKRDHMVLLEFVTAAGITLGMDELYKGGTGGSMSKGEELFTGVVPILVELDGGVNGHKFSVRGEGEGDATNGKLTLKFICTTGKLPVPWPTLVTTLTYGVQCFSRYPDHMKQHDFFKSAMPEGYVQERTISFKDDGTYKTRAEVKFEGDTLVNRIELKGIDFKEDGNILGHKLEYNFPPPSSTDPEGAYETVKKEYKRKWNIVWLKPLGFNNTYTLTVKDELAKQYNLKTFSDLAKISDKLILGATMFFLEGPDGYPGLQKLYNFKFKHTKSMDMGIRYTAIDNNEVQVIDAWATDGLLVSHKLKILEDDKAFFPPYYAAPIIRQDVLDKHPELKDVLNKLANQISLEEMQKLNYKVDGEGQDPAKVAKEFLKEKGLIL,522
V7.1.2,ANDTVVVGSIEFTEGIIVANMVAEMIEAHTDLKVVRKLNLGGVNVNFEAIKRGGANNGIDIYVEYTGTGLVDILGFPEPNVYITADKQKNGIKANFKIRHNMEDGSVQLADHYQQNTPIGDGPVLLPDNHYLSTQSVLSKDPNEKRDHMVLLEFVTAAGITLGMDELYKGGTGGSMSKGEELFTGVVPILVELDGGVNGHKFSVRGEGEGDATNGKLTLKFICTTGKLPVPWPTLVTTLTYGVQCFSRYPDHMKQHDFFKSAMPEGYVQERTISFKDDGTYKTRAEVKFEGDTLVNRIELKGIDFKEDGNILGHKLEYNFPPPSSTDPEGAYETVKKEYKRKWNIVWLKPLGFNNTYTLTVKDELAKQYNLKTFSDLAKISDKLILGATMFFLEGPDGYPGLQKLYNFKFKHTKSMDMGIRYTAIDNNEVQVIDAWATDGLLVSHKLKILEDDKAFFPPYYAAPIIRQDVLDKHPELKDVLNKLANQISLEEMQKLNYKVDGEGQDPAKVAKEFLKEKGLIL,522
V8,ANDTVVVGSIIFTEGIIVANMVAEMIEAHTDLKVVRKLNLGGVNVNFEAIKRGGANNGIDIYVEYTGHGLVDILGFPEPNVYITADKQKNGIKANFKIRHNMEDGSVQLADHYQQNTPIGDGPVLLPDNHYLSTQSVLSKDPNEKRDHMVLLEFVTAAGITLGMDELYKGGTGGSMSKGEELFTGVVPILVELDGGVNGHKFSVRGEGEGDATNGKLTLKFICTTGKLPVPWPTLVTTLTYGVQCFSRYPDHMKQHDFFKSAMPEGYVQERTISFKDDGTYKTRAEVKFEGDTLVNRIELKGIDFKEDGNILGHKLEYNFPPPSSTDPEGAYETVKKEYKRKWNIVWLKPLGFNNTYTLTVKDELAKQYNLKTFSDLAKISDKLILGATMFFLEGPDGYPGLQKLYNFKFKHTKSMDMGIRYTAIDNNEVQVIDAWATDGLLVSHKLKILEDDKAFFPPYYAAPIIRQDVLDKHPELKDVLNKLANQISLEEMQKLNYKVDGEGQDPAKVAKEFLKEKGLIL,522
V9,ANDTVVVGSIIFTEGIIVANMVAEMIEAHTDLKVVRKLNLGGVNVNFEAIKRGGANNGIDIYVEYTGHGLVDILGFPEPNVYITADKQKNGIKANFKIRHNVEDGSVQLADHYQQNTPIGDGPVLLPDNHYLSTQSVLSKDPNEKRDHMVLLEFVTAAGITLGMDELYKGGTGGSMSKGEELFTGVVPILVELDGGVNGHKFSVRGEGEGDATNGKLTLKFICTTGKLPVPWPTLVTTLTYGVQCFSRYPDHMKQHDFFKSAMPEGYVQERTISFKDDGTYKTRAEVKFEGDTLVNRIELKGIDFKEDGNILGHKLEYNFPPPATTDPEGAYETVKKEYKRKWNIVWLKPLGFNNTYTLTVKDELAKQYNLKTFSDLAKISDKLILGATMFFLEGPDGYPGLQKLYNFKFKHTKSMDMGIRYTAIDNNEVQVIDAWATDGLLVSHKLKILEDDKAFFPPYYAAPIIRQDVLDKHPELKDVLNKLANQISLEEMQKLNYKVDGEGQDPAKVAKEFLKEKGLIL,522
